Dokumen_Index,Jumlah_Kata
0,1.0
1,1.4044162429174185
2,3.521548021248919
3,1.4120207728961303
4,2.947183030246347
5,1.2801648493800148
6,3.7570243729041577
7,1.6736530309369277
8,3.5991125342636967
9,1.3966749822932396
10,1.0
11,1.3763006883797013
12,5.932653555337332
13,2.18902442330763
14,1.9016935099285677
15,3.3116671165802365
16,2.3927425333143835
17,2.7426656334895076
18,3.75168600556568
19,2.4017890580045984
20,2.212875168933878
21,2.3550207408946426
22,2.7049601567230814
23,3.0627449743513404
24,2.1956964865284694
25,1.9419167229574357
26,3.925781174170307
27,2.205958186833613
28,3.206905096371231
29,2.763668431779145
30,2.7379012882408222
31,2.7154603369922556
32,2.908281835153269
33,4.067997150363073
34,1.413873551120735
35,1.0
36,1.0
37,1.4044163236789
38,3.1952582868670945
39,1.0
40,1.9854844865923795
41,1.972492513995828
42,1.893642780927547
43,3.107384366185796
44,1.0
45,2.5337145410490844
46,1.0
47,1.0
48,1.0
49,2.397972073145233
50,3.62256491790939
51,3.7870102041895226
52,1.8373093386123902
53,2.7028738908575987
54,2.47341522980982
55,1.8501474903168593
56,4.272031267282081
57,1.0
58,2.4054920043308448
59,4.174716144140449
60,2.5710003086927102
61,1.0
62,1.723543442269893
63,2.914935912827847
64,1.942121322683159
65,1.3312420770060034
66,2.835358161583045
67,4.257195323525495
68,2.3599324019441115
69,1.9454972435437314
70,2.7073244084899946
71,3.0513379111208843
72,2.7491469468766785
73,1.7105027823609684
74,4.66580792347875
75,2.567859032845726
76,1.3840328073873525
77,2.6840133818616483
78,3.745455500259167
79,2.3976994090334234
80,1.0
81,4.308913243259473
82,2.3141628583260148
83,2.295214234611386
84,1.4096163552932648
85,3.1469785843040654
86,2.511379589922085
87,1.3721546183799709
88,3.1179981295493056
89,2.8244516646413995
90,2.6362044734269707
91,1.6642184945609617
92,3.3830212170275336
93,3.7631606087160865
94,1.9392103333693398
95,1.85529966478254
96,1.0
97,3.923035201747373
98,2.49940411860183
99,1.715954848917732
100,0.0
101,3.041325669559936
102,3.26549557246752
103,1.0
104,2.802898464359469
105,1.3763867624626724
106,2.164927854472176
107,1.0
108,1.0
109,1.0
110,3.805916762084898
111,1.2843774128466234
112,1.9592706395355637
113,1.3704610530674424
114,5.958859821810997
115,3.6378482473948996
116,1.0
117,1.709547441013898
118,2.7059227328175197
119,1.8981262771854712
120,4.560137564851276
121,2.51778043419747
122,2.3575458795471382
123,2.597514587141168
124,2.5567032069262083
125,3.409697924350108
126,2.86993181042427
127,1.6894764238291984
128,3.5817665869301236
129,1.6657559688770183
130,1.6683106975300506
131,2.327519279090727
132,2.1431206392309785
133,3.129200730985569
134,2.3072825148415843
135,2.3356617599155927
136,3.0799010540201692
137,2.1547108901531318
138,1.0
139,1.0
140,2.953413879072758
141,1.0
142,2.1874537438196957
143,2.2883558032343263
144,1.7216699184355295
145,1.3483773244289623
146,2.8654132230622773
147,3.338135223425306
148,1.9201324554546666
149,2.347940029574034
150,2.1112100168428873
151,5.664253575118714
152,1.407713378053161
153,2.339365432643044
154,1.3895674097925688
155,3.2526272795110263
156,4.45452774803354
157,1.8890953249371993
158,2.1689390658703447
159,1.0
160,1.8856391167547835
161,2.9846142161467215
162,2.2470158404049396
163,3.180766535397976
164,1.40929483662849
165,2.80015080970727
166,1.0
167,2.630550994585346
168,1.698263438787551
169,4.156211539999728
170,2.166976544500862
171,1.905724082103535
172,1.414128038741314
173,3.082980694167529
174,2.894082603307809
175,1.3141088582268432
176,2.146351963674638
177,2.956858099313776
178,2.728464112607676
179,2.2198080785527257
180,1.4034166399463461
181,2.269732061516735
182,2.382125652434108
183,1.693317902391993
184,1.0
185,3.0044746832144478
186,1.9014411361604706
187,2.9820098895408256
188,4.254916911808536
189,2.3489637460772625
190,4.725532885058206
191,1.7096996332344867
192,2.120312143872145
193,4.86055799036037
194,1.0
195,2.127165039090419
196,3.04349646784244
197,1.0
198,2.743451273262918
199,2.5872632974869756
200,1.8995971581584654
201,1.8800934332716797
202,2.737495227646862
203,1.410058831431549
204,1.692656417164653
205,1.2624128304205757
206,2.1574860847919766
207,1.4137269883572081
208,2.417617816150332
209,4.632934242015349
210,2.7079604521416023
211,2.5707574586759794
212,1.715669644263856
213,1.405428549092142
214,2.5877674307043383
215,4.256339782369995
216,4.297356940953212
217,1.981417557652813
218,2.4680560549910124
219,2.264180721390014
220,2.591255251778455
221,3.02383396293562
222,2.1533355342486655
223,2.963174850590997
224,3.707703156097362
225,2.7973748605240116
226,1.4141472230855152
227,2.7889882738845886
228,1.4137269883572081
229,3.0117477219129345
230,1.0
231,1.728394378238057
232,3.298420257431502
233,3.2673080455497034
234,2.888426059070511
235,3.1912830304319697
236,1.0
237,1.0
238,2.7564003921291564
239,1.8331687949753288
240,2.9869665858685424
241,4.461600813264377
242,2.58040776911318
243,2.814801422816826
244,2.4952821088256085
245,3.7321070220605588
246,1.9220395886536998
247,2.1270856832430165
248,4.978891726777789
249,3.6007925611021943
250,2.046910309389079
251,2.1098322088329784
252,3.541693344001448
253,1.699259285010938
254,2.3906523565598623
255,1.3539392227646003
256,2.1293809652146893
257,3.488181685896756
258,1.69808034163237
259,3.194612407245482
260,2.2176961995190343
261,1.7240571936031124
262,1.4112411010238382
263,3.10747273460347
264,3.2164141760518277
265,3.7810346283634466
266,1.7305020426939293
267,1.6895681428782612
268,1.9623599465507526
269,3.819624169242772
270,1.409118557425206
271,2.363041528333538
272,3.2762632096179183
273,1.0
274,1.407713378053161
275,1.9444057363548248
276,1.8741782750519724
277,1.0
278,2.4115955981706247
279,2.81163619506969
280,4.455634206276936
281,3.6425410352551975
282,2.3321922996798192
283,3.029059777561166
284,2.6788787385839963
285,1.0
286,1.654628011331287
287,3.590312473536946
288,2.6539823182225777
289,2.200346681014109
290,2.42221295695105
291,3.0479693985218113
292,2.3736121618569452
293,3.459889522510958
294,2.3051761477888744
295,2.327920240903752
296,2.0688952636222306
297,1.4100888527456763
298,5.118992328629469
299,2.9267114630231443
300,2.7093036382266695
301,3.215369188869725
302,2.3184804845559546
303,4.1742982248645415
304,2.5433563682479448
305,1.0
306,2.175895940038661
307,1.368279084483892
308,3.0791683559165413
309,1.0
310,1.0
311,1.0
312,3.810406132810631
313,2.612678138729077
314,1.8579614853737332
315,2.2731898312107193
316,2.222427135497404
317,1.7171961857960816
318,2.209382833500274
319,3.0978009423337864
320,1.0
321,4.43343604479895
322,1.0
323,2.1547517940855645
324,1.0
325,1.6535774352465356
326,1.7279334600860965
327,3.4689955625359
328,1.3957174407330566
329,2.8581674782707642
330,1.0
331,2.3839657362612767
332,2.7224683787616737
333,2.167101871605095
334,1.8599747232881578
335,2.378205804511394
336,1.3825236518090642
337,3.2486644334003394
338,2.1885863293632943
339,2.6456222980900805
340,3.003710297197599
341,4.291292579761634
342,3.180230260258617
343,1.0
344,2.576499506983918
345,2.316192866434812
346,2.77065784758694
347,3.0937558187221637
348,2.380236550905143
349,1.0
350,1.3845585675193246
351,2.5322928637141473
352,3.4572046096666607
353,2.877618991595673
354,1.3693038901202006
355,2.3782259062209676
356,3.9905584591629517
357,2.5792011460650537
358,4.225639712229492
359,2.532615867770747
360,4.3431011597480635
361,1.8404887725740608
362,2.9398266666298447
363,2.14142042018197
364,1.7003595775182503
365,1.0
366,1.9167474745279767
367,2.877279607443192
368,1.0
369,1.6746119380402018
370,2.361509772048667
371,2.8873058333667596
372,2.975140128822752
373,4.010065899732544
374,2.702690112238553
375,2.4234642229412735
376,1.4115655360848007
377,2.1956601996876604
378,2.7794547543643895
379,1.0
380,1.0
381,3.2173313860550983
382,3.1939653763910067
383,3.158075106084735
384,1.0
385,3.502867414751184
386,2.5887380110192995
387,1.9293687790008027
388,3.418903226636182
389,1.7306199355731895
390,2.4440074665538916
391,3.873838447429587
392,2.556358050633248
393,2.5445287048412486
394,3.060173515352601
395,2.7478444155567523
396,4.8753906000750336
397,1.0
398,2.7987873921376183
399,1.6416071269157573
400,4.621152164344533
401,3.018915306205373
402,2.193914689911553
403,2.3321306308714744
404,2.2655083503114954
405,2.7331977498616142
406,2.530756619814523
407,3.0399286044150564
408,2.3754955671847338
409,3.5807684975692755
410,3.079530330821127
411,2.1455086922926094
412,3.2997425011121786
413,4.3036201650197725
414,1.0
415,2.5826548371103946
416,2.2109087684976263
417,2.68097136474559
418,1.0
419,1.0
420,1.6680434503231907
421,1.0
422,3.1013070845322117
423,1.8455664165709194
424,2.713942274301208
425,1.0
426,1.413778672502231
427,4.368317893115907
428,3.2334675056474995
429,3.6846326641378013
430,2.658918849245209
431,2.203884922866176
432,2.2998991999411906
433,1.6976796882772807
434,1.8761025295406761
435,1.874903165830486
436,1.3987346665455274
437,1.6520613008157954
438,1.0
439,2.1703688625005744
440,2.8835504870411754
441,4.9137604672614685
442,2.5447160130623176
443,3.0960415207233236
444,1.0
445,1.0
446,2.9699514898837536
447,1.4120207728961303
448,1.3855022846957783
449,1.407713378053161
450,1.0
451,1.3745721373475943
452,2.3809336956838294
453,2.957006946167437
454,3.251221266422304
455,3.506114448791042
456,5.4960090288538925
457,1.9753208800399533
458,1.6835587221771888
459,3.087685124494043
460,2.1008291619010264
461,1.4006889327023684
462,3.7724243127899433
463,2.8017917401384516
464,2.1982184722713662
465,2.96033591811839
466,1.7731240627654077
467,1.3795486664723862
468,3.2034826827524823
469,4.079842675158658
470,1.0
471,4.145210351751615
472,2.77453544060329
473,1.70773671480225
474,2.273131376942768
475,4.444900235297087
476,2.562769973342407
477,1.93647899079107
478,1.720418700513393
479,1.3501374856356925
480,1.9381677147356595
481,2.5505734454427342
482,3.0202963747977334
483,4.607276000768037
484,1.0
485,3.8811926094139393
486,1.918979317899306
487,2.6168797867345583
488,2.57749133032445
489,1.0
490,1.5982423839671696
491,3.902835394717635
492,1.0
493,4.152378228991653
494,3.2943218492576145
495,1.0
496,5.006260481559473
497,2.949237246438112
498,1.0
499,4.983108940375869
500,2.209697562261659
501,2.97815443609701
502,1.9327860285134464
503,1.5660040504583874
504,4.052333402666404
505,1.0
506,1.9962934454862649
507,4.1543288133074485
508,3.1502941120152608
509,2.170509890875433
510,3.3365091251125203
511,3.150767659502195
512,2.02648751634589
513,2.217458483400677
514,3.090808469577081
515,1.0
516,2.810322672890417
517,3.1387686151983143
518,1.0
519,3.517702202572125
520,1.6192774028933554
521,3.8277102527514404
522,1.3361193468531831
523,1.0
524,3.1217512629051853
525,1.6419416985233568
526,2.2149591702061464
527,1.8991994772640604
528,1.0
529,3.5745993131663742
530,1.6424706941961513
531,3.6723154614299203
532,1.9852642122594113
533,3.3554432401303536
534,1.41398813872597
535,2.287415049460503
536,1.0
537,1.0
538,4.182741133324975
539,1.0
540,2.3883417320215607
541,2.4197632280590895
542,1.0
543,1.8444123808982935
544,3.4643016809119125
545,1.4009898136305603
546,2.711259002942767
547,1.6552524920046348
548,1.0
549,2.529169360141046
550,1.404951569708339
551,1.0
552,1.5739350922815996
553,3.8403731035479947
554,1.6768069429529389
555,1.9721422644297075
556,2.603329190991449
557,2.169284491471366
558,2.128177116915566
559,1.3452854632999607
560,2.446775047707429
561,3.0331648249867094
562,1.3420256947582458
563,3.0883219641078563
564,4.981421750886435
565,1.0
566,2.4142307259291287
567,1.6372852813547283
568,2.5427874104697463
569,1.4105884940000641
570,3.216226274274497
571,2.748544137014642
572,2.841836220116315
573,1.0
574,1.727739689704069
575,2.6327560186070196
576,2.6862078701513523
577,2.937705704976869
578,1.9200351621298477
579,1.730598944758305
580,3.1922097170539896
581,1.947715309321575
582,3.073430789347178
583,4.428304765064057
584,1.8333827202613657
585,1.0
586,1.0
587,2.0738440895930927
588,2.566383522365444
589,1.0
590,2.6291492203564317
591,3.237832100376626
592,1.0
593,1.0
594,1.3501374856356925
595,4.187236986645709
596,1.0
597,2.37267374305995
598,1.0
599,1.0
600,2.350514005243611
601,2.813869780562079
602,1.720418700513393
603,1.0
604,2.8273974608448498
605,1.2939152902921514
606,1.0
607,1.5024877622001713
608,2.1477691370379413
609,3.198649900663014
610,3.3573412100187165
611,2.109561491252844
612,1.0
613,3.6496501107247163
614,1.0
615,2.354636513326806
616,2.2690119993671662
617,1.0
618,1.9712504560882858
619,3.599144314988024
620,4.8929481748030295
621,3.202844365279857
622,3.0319070380879256
623,3.405299342517806
624,1.9512613321427108
625,4.85035528074779
626,2.214324359104188
627,4.037706949668943
628,2.20932081192365
629,1.97998088932237
630,1.8326291110505293
631,2.969532567327243
632,2.471569611157501
633,2.197469577622377
634,2.11931664747656
635,2.8927100425558
636,1.0
637,5.260752529921309
638,1.8326074773642524
639,1.3768568148439364
640,2.479626007822017
641,1.0
642,5.754153012665737
643,2.8229014369398517
644,1.7279465674987375
645,2.374334522896357
646,3.78676853907459
647,2.6929477794543546
648,3.450141699660289
649,3.956407076281862
650,1.3452854632999607
651,3.8953132565827753
652,3.4244121143445883
653,1.0
654,1.3945398622454
655,3.58255871761057
656,1.9140355776967688
657,1.0
658,3.879058232776421
659,1.0
660,1.6989107018948026
661,3.297052034067174
662,1.7247635587295775
663,1.986507366085847
664,6.728382952856672
665,2.1680724050161273
666,3.8620727585716983
667,4.037649948606427
668,2.086057002348189
669,3.6245311850849857
670,1.0
671,1.4134296604107894
672,3.1340216825749563
673,1.3879897652972393
674,2.669375491123505
675,1.0
676,3.7724945793314957
677,1.0
678,1.7270068938343943
679,1.7700572699363117
680,1.3721546183799709
681,1.3825236518090642
682,4.735074241381851
683,4.6982493809613
684,4.061333970242507
685,1.6246157575788178
686,2.8667713271710045
687,1.0
688,2.556036928864205
689,1.0
690,2.3723812225663643
691,1.3157502817556546
692,3.832558271944646
693,3.3805380560705673
694,1.8641358608227847
695,4.028611729602629
696,3.207793990466619
697,2.410226227178182
698,3.804641503593515
699,3.730435497790758
700,1.0
701,2.11474822329943
702,2.8430766674858265
703,2.530425452936001
704,2.5112079793989395
705,5.297786045951372
706,1.0
707,3.3195017924705676
708,1.7107053366494713
709,2.6371314815658717
710,3.066881086751496
711,1.0
712,1.0
713,5.010269640047499
714,3.3952557025039596
715,3.5016425409306757
716,1.3095526053322102
717,3.863926668169678
718,1.823485100004231
719,2.170859525555906
720,1.0
721,1.0
722,4.1328453223664505
723,3.1112947251806706
724,1.6379692173142746
725,2.198323857649852
726,2.080521430430218
727,3.1641763560823635
728,3.904335559060124
729,1.9939911572931748
730,4.868178641019652
731,2.996243584838134
732,1.0
733,3.3540732639310367
734,1.9392695866097873
735,1.3997321681220094
736,1.7140866465447107
737,2.165960762416717
738,2.8494048076130953
739,3.730516247832637
740,2.4569849158344987
741,1.4137269883572081
742,1.0
743,1.0
744,2.4402232115143496
745,1.0
746,5.7921423936980885
747,3.9277726489099805
748,4.598685702635613
749,1.513932784391729
750,2.1988794777124996
751,3.112936796916877
752,1.0
753,1.7296118053091691
754,1.0
755,1.0
756,3.079417647252404
757,3.2434842107035498
758,2.631221491534732
759,2.7294592930378054
760,1.0
761,1.883155027410139
762,1.3751226115712365
763,1.3775157916926855
764,2.1467568416902285
765,2.4081785417657064
766,2.851144739418517
767,5.321920337469487
768,2.9656405880364867
769,2.131602669845385
770,3.1153814478302775
771,1.3795486664723862
772,3.3375136449994605
773,3.352219614853489
774,1.0
775,3.0337202987360925
776,3.608340235285932
777,2.1754660521879403
778,2.0756201938998036
779,1.9299229872016457
780,3.4438483762699885
781,2.442527172910589
782,1.9734072564400815
783,3.014592764847346
784,3.0375981953164812
785,1.405428549092142
786,1.994086658066266
787,1.7280125831514783
788,3.8239638341569453
789,3.21474528689805
790,4.046575047518702
791,1.0
792,1.0
793,4.773844051474015
794,3.271848972818395
795,2.509997487468241
796,1.0
797,1.0
798,2.9196322256518066
799,3.591040045054993
800,1.0
801,1.844775434660515
802,1.4136060166963613
803,1.408414093687604
804,2.628431282510136
805,4.706237363653912
806,1.0
807,2.6471875986213664
808,1.96769275630592
809,2.5492861800762174
810,1.3270164782038516
811,2.1453744992128367
812,2.7834139310421073
813,2.1474892401290298
814,2.60147347828711
815,1.0
816,3.3861631573691464
817,3.124985361754717
818,4.995119093795998
819,1.2907884324228636
820,1.7213661374853455
821,3.0840291281637215
822,4.913662657957239
823,1.3108363603187123
824,3.339597084912066
825,3.850634710106984
826,2.817412323387978
827,1.9995309185947012
828,1.0
829,1.5547850439106008
830,3.597858356538086
831,1.3413274565898674
832,1.0
833,1.970809707322816
834,2.5957871838807325
835,4.65688027296329
836,3.746302738569887
837,3.7594573164947174
838,1.5723055791866698
839,1.0
840,1.9836030487543246
841,2.973095412678951
842,1.0
843,2.734287357143809
844,1.8501164967124313
845,1.9775071200481418
846,3.263225807468001
847,2.013607044692103
848,1.9490089054514104
849,4.876179900746072
850,3.164447874126418
851,1.9200535693174492
852,1.3606259547594461
853,2.5661665733950896
854,3.889455180880192
855,4.0987798050045425
856,1.412854306291063
857,3.57781102852245
858,4.3018385997860555
859,1.370444974265622
860,2.8533582834703815
861,2.8867143077757142
862,1.970066469159044
863,1.2755852557001712
864,3.6876610107876964
865,1.0
866,1.525749686214986
867,3.8819726050475163
868,1.707590932217632
869,2.341812534388284
870,3.771512753969686
871,3.698301505554954
872,4.401037250604421
873,1.3242641984389505
874,2.7124607563645426
875,2.7436957326587175
876,3.0995607946196957
877,2.1579926966508087
878,3.9056723082752565
879,1.7251182644017964
880,1.720418700513393
881,2.1554666055158096
882,1.0
883,1.0
884,2.5050098248625474
885,4.539642709512671
886,2.589572547857593
887,1.315476904899373
888,1.0
889,1.7259166471002692
890,5.3942795996041175
891,1.9008710169200365
892,2.424982711405777
893,2.526345965026085
894,1.8123895888580668
895,4.2830139747698945
896,1.0
897,5.040873446006723
898,2.9545994725686024
899,1.4062643900618035
900,3.7412469555001104
901,3.313295856894041
902,4.863871073640556
903,4.55969035874052
904,5.50038673337976
905,3.617916126632858
906,4.980179648549495
907,1.8525952337795468
908,2.577006721620293
909,1.0
910,4.749019646513382
911,3.8889420340873166
912,2.4986060797015393
913,2.861741012071938
914,4.995759332289657
915,2.9186355469458283
916,1.0
917,1.9828105791368777
918,4.915831727759791
919,1.0
920,2.9402463427674608
921,1.4093339469613348
922,1.7320508075688772
923,2.359593520579385
924,4.272945198482185
925,1.0
926,1.0
927,2.808971207500715
928,3.562323070859799
929,1.4133105544707774
930,3.7138469596140182
931,1.7311187956980265
932,3.5340021437075038
933,1.7116521478955853
934,3.9274316426905678
935,3.199579291503143
936,1.0
937,3.5062990683492985
938,1.0
939,3.945339007256419
940,2.3459150481549997
941,5.110091653880967
942,4.313336562122723
943,1.0
944,1.0
945,1.4041084455740993
946,1.3984543497072166
947,3.6312384110944294
948,1.0
949,1.3946309024073735
950,1.4110421321522222
951,1.4140067781847305
952,4.361640951736563
953,1.3501374856356925
954,2.806047878206611
955,2.5550931377672543
956,1.4141471085331734
957,1.4105884940000641
958,2.661989746594907
959,1.4114721940232737
960,2.0525419892908427
961,1.0
962,1.0
963,3.431974137523084
964,4.042993358412431
965,4.000816385790184
966,1.404951569708339
967,3.245950197441264
968,1.3501374856356925
969,1.3698860899596301
970,1.9455447663164946
971,3.177133996840813
972,1.0
973,2.9692853291887795
974,1.7038910895300374
975,2.762238527397617
976,3.4739704995429608
977,1.62832185686739
978,4.425378441337876
979,2.130708570959033
980,1.4142135623730951
981,3.8789209072373385
982,1.4137269883572081
983,2.720587054524386
984,1.0
985,2.351223680896284
986,2.209410028690797
987,2.670686539409523
988,1.0
989,1.6770029495231507
990,2.954109606399075
991,1.0
992,1.2804485971587702
993,2.742864241903869
994,1.988056877739749
995,2.0825734094737296
996,2.287422646669318
997,2.2087393772468715
998,2.302453452532929
999,3.050141322200323
1000,1.9384441113235988
1001,4.869836017671995
1002,2.355595175979981
1003,3.875428869172543
1004,3.833555256799358
1005,1.9972560120268583
1006,2.110683747304002
1007,1.7043821821953231
1008,4.977492964479321
1009,3.2505132114811937
1010,2.888735978926616
1011,3.5320746444207964
1012,1.0
1013,1.3216712593015434
1014,4.307256114379916
1015,1.9843558975768676
1016,1.9406534566105669
1017,4.433351663211317
1018,2.9770859026187133
1019,2.9733539044579524
1020,1.2695495387157187
1021,4.602396369896094
1022,2.9178698194554125
1023,1.0
1024,1.8406536140155443
1025,2.3189185608649945
1026,3.218326477960633
1027,2.0777088308198532
1028,2.2082898953999877
1029,3.63192039314048
1030,1.2801648493800148
1031,1.5000718449216945
1032,1.0
1033,1.0
1034,1.9363445129898174
1035,3.8373184450702107
1036,6.376126283405101
1037,3.2263733388465408
1038,3.46082234108641
1039,3.044734452499215
1040,1.6911249534931998
1041,1.0
1042,3.5917072876283207
1043,1.0
1044,3.2086513639760366
1045,1.982083675825029
1046,1.970066469159044
1047,3.386556213819394
1048,5.4912713303815375
1049,1.6212350555999706
1050,1.3147126989100781
1051,3.184724042654688
1052,2.186001267095566
1053,2.324439589126392
1054,3.066230868114814
1055,2.8938848141457774
1056,1.0
1057,2.29042001481558
1058,1.0
1059,1.3621381144511289
1060,1.0
1061,1.0
1062,1.4126875631077298
1063,3.5379381626675324
1064,2.517780762221207
1065,3.095743606905832
1066,1.0
1067,3.8870208241005537
1068,2.057202751010629
1069,2.3118219734782266
1070,2.78880905189968
1071,1.0
1072,4.968852631121142
1073,2.7942521646082588
1074,2.098350547225733
1075,2.8115470093008486
1076,1.6608921635273428
1077,1.7297903509789228
1078,5.05666355226292
1079,1.3935926495085709
1080,2.4828431107194096
1081,3.533320680321754
1082,1.6908513585673914
1083,1.9651086797840502
1084,1.4141749621111162
1085,1.0
1086,4.485617106418937
1087,2.456979252920108
1088,1.8519039100846801
1089,1.4080989319243238
1090,1.9176001139272252
1091,2.918222998513043
1092,1.0
1093,1.4100888527456763
1094,3.0638736078208844
1095,2.99780032725238
1096,1.915044286714865
1097,1.3397813827484235
1098,1.0
1099,1.407713378053161
1100,2.6613401444375553
1101,1.4136818004323168
1102,2.1158507386763805
1103,3.061407419656685
1104,2.091443112831498
1105,1.0
1106,3.10272246766025
1107,3.216114468016034
1108,1.0
1109,1.0
1110,2.707786390627449
1111,4.516004838845497
1112,2.365501332238106
1113,2.319222425083185
1114,3.0905985194109573
1115,3.210523243729622
1116,4.147213584492198
1117,3.6873423563447183
1118,2.065896940780097
1119,3.055456231731557
1120,1.0
1121,2.30457634951325
1122,1.6770519371133472
1123,2.032398607729987
1124,4.482541044237937
1125,4.490183707557689
1126,1.972952089433255
1127,2.5216531470117918
1128,2.1857862171437445
1129,1.0
1130,4.829795066906657
1131,1.0
1132,1.3957174407330566
1133,3.0646632974240955
1134,2.717667049183351
1135,2.2166453537452653
1136,1.0
1137,2.8103548119639186
1138,2.050172123444997
1139,1.7096944180513938
1140,1.9565797262518525
1141,1.8536341944418502
1142,1.63081794885786
1143,3.8365044845590415
1144,2.131507870163922
1145,2.8398102831747525
1146,2.235622654543825
1147,2.8922344946011123
1148,2.2649772929312784
1149,1.0
1150,4.681792488992787
1151,3.341115617691024
1152,3.845044009798223
1153,1.0
1154,3.5596852022429184
1155,1.3036513479589187
1156,1.709767979683782
1157,2.598851665485898
1158,3.3378469879870845
1159,2.5890748427393895
1160,2.704786206764843
1161,1.6647304598932138
1162,1.9694800777844257
1163,1.4000305089926668
1164,3.046096076228504
1165,2.410281914529155
1166,5.070096323555344
1167,1.0
1168,5.069470648938596
1169,2.1992136794471953
1170,1.0
1171,3.988605427815296
1172,2.0079730383408783
1173,3.013025118469912
1174,4.188072837752598
1175,1.0
1176,1.7582933714703173
1177,1.8209138187833767
1178,1.0
1179,1.0
1180,2.7112541004490502
1181,1.0
1182,1.8548487219601342
1183,3.6245586514280737
1184,1.0
1185,3.1938004472647687
1186,1.0
1187,4.705524340286136
1188,2.5595462220501912
1189,3.9666110932548513
1190,3.6318763275682926
1191,1.3480706687324828
1192,2.2229289581227563
1193,2.476049541681679
1194,1.0
1195,2.36521445556836
1196,4.84527442909638
1197,1.0
1198,1.720418700513393
1199,1.3949660292101898
1200,3.268283499615833
1201,1.708058671325209
1202,3.766575719110319
1203,1.690553539093972
1204,2.887982446871166
1205,2.3932208065684994
1206,1.9664561132431935
1207,1.9673579215695765
1208,1.4141761255783494
1209,1.931714311990095
1210,1.8739707242959125
1211,1.8026421071973466
1212,1.94079722308884
1213,1.765002284105431
1214,3.4633893477865394
1215,4.077006221429837
1216,1.9511772744048654
1217,1.0
1218,2.924661671442893
1219,2.5100517704325642
1220,2.0427963298016945
1221,1.0
1222,1.0
1223,2.1894808474885235
1224,2.9141911917595102
1225,1.4006889327023684
1226,1.0
1227,2.334386387951402
1228,2.1496186346274966
1229,2.1690250468118037
1230,1.0
1231,2.520483888220534
1232,1.6744195882248425
1233,5.134786473337114
1234,1.0
1235,1.6444730956481384
1236,1.3727235114663792
1237,1.0
1238,1.0
1239,3.535547454241419
1240,1.4006889327023684
1241,1.8946716574698321
1242,2.0642162343874335
1243,1.4061573185257958
1244,3.959475026357598
1245,2.4952999399959466
1246,1.0
1247,2.352610343019575
1248,4.734536406177632
1249,3.3313989946754816
1250,3.6186221572401984
1251,1.0
1252,1.4066653658223536
1253,1.9955587810344473
1254,2.2744490936355106
1255,7.046403021587205
1256,2.287453285987231
1257,1.0
1258,3.3834681542271605
1259,3.680764483209816
1260,3.9674103504296934
1261,2.3943640919714175
1262,1.413302755511181
1263,2.421157457200871
1264,3.346208085193873
1265,2.829471403385964
1266,1.897224093315918
1267,2.3811763205936267
1268,2.363406109178044
1269,1.0
1270,3.062788064289258
1271,1.0
1272,3.2624061386385312
1273,4.603899266356258
1274,1.803803576113003
1275,4.195369199300216
1276,6.039864334468108
1277,2.7988446709043604
1278,1.349463677832636
1279,3.685141398469346
1280,3.3313594662536605
1281,1.0
1282,1.3796781505303768
1283,2.9531037754531715
1284,4.107902721719593
1285,1.0
1286,3.122481163561642
1287,2.063598824752401
1288,1.8841632099429961
1289,3.462855536944956
1290,1.0
1291,2.760444031870061
1292,1.3991185452902286
1293,1.0
1294,1.9544079495822224
1295,1.0
1296,2.327579529260247
1297,1.0
1298,3.3438057178386753
1299,2.233477377157915
1300,1.3282091103605815
1301,2.828931461921854
1302,1.0
1303,2.1439177756839616
1304,2.0909850010711515
1305,1.720418700513393
1306,1.8966762401548634
1307,5.438899750193313
1308,1.0
1309,3.805492336874341
1310,1.8532333854597012
1311,2.929297935638846
1312,2.5522911776536
1313,3.69120430397068
1314,1.0
1315,1.407713378053161
1316,1.8158152925591224
1317,4.26683853366047
1318,3.086419608636516
1319,2.8839048394945825
1320,4.035501994702878
1321,2.817970470330149
1322,3.4609918354879254
1323,1.0
1324,3.0747407736967967
1325,1.8227971078445149
1326,1.0
1327,1.0
1328,1.0
1329,1.4006889327023684
1330,1.0
1331,1.3682548861490678
1332,2.9755536504034525
1333,2.662530240962977
1334,2.126197151894791
1335,1.0
1336,2.7800503077271186
1337,1.9330728256600767
1338,3.347166388727853
1339,1.991940259145306
1340,1.2408183867686557
1341,1.9510092439653781
1342,1.0
1343,2.181308349684964
1344,2.508801201932203
1345,2.5252961298210326
1346,4.473973474937361
1347,3.6785750724810042
1348,2.4101718520909454
1349,2.199018547378715
1350,2.999076594875865
1351,2.385146630402645
1352,3.448772640740114
1353,3.2145531252444792
1354,2.291494369157452
1355,1.3777868917064535
1356,1.3873871153114132
1357,2.2358468033348426
1358,1.0
1359,1.0
1360,2.168919658133406
1361,2.480984123360585
1362,3.899879481170835
1363,5.496072569367857
1364,3.0377666855898955
1365,1.6704916652319224
1366,4.293812306000344
1367,1.0
1368,2.1324941995674656
1369,1.0
1370,4.320664251038954
1371,2.436535264914873
1372,1.9828105791368777
1373,1.720418700513393
1374,3.8725768122277797
1375,1.0
1376,4.715894778309901
1377,2.368136701161924
1378,4.80743313153303
1379,3.069295246594798
1380,5.626363887018934
1381,1.0
1382,3.0237250977054004
1383,2.5739065479272902
1384,3.6250209740457446
1385,5.122753055775834
1386,1.3481064751177285
1387,1.6772413628776224
1388,4.215067509533176
1389,3.1659638066036795
1390,3.9645628173570833
1391,5.8241820098751855
1392,0.0
1393,1.0
1394,2.217008429795528
1395,2.3415617730064504
1396,3.6684903196874323
1397,3.772468948060635
1398,1.3921557612294917
1399,1.3849878295928515
1400,2.0572216097812888
1401,2.6869010970599283
1402,2.136582394920487
1403,1.3741650891247486
1404,2.6074031502316943
1405,1.2528825662608498
1406,1.409826835269461
1407,2.1118734831130186
1408,1.8668973615543503
1409,1.6532625612217926
1410,3.4825150199168107
1411,3.877717224186213
1412,2.621458214239518
1413,1.0
1414,2.602203052966269
1415,3.458392704890535
1416,3.7493509161461414
1417,1.4137269883572081
1418,2.479773512011768
1419,2.709880327328007
1420,1.0
1421,4.281808604875695
1422,3.1536518806436624
1423,4.88589001753101
1424,2.552505576926837
1425,1.0
1426,2.5719429439851567
1427,2.915182961091876
1428,5.558457993354718
1429,1.4048087809014658
1430,1.0
1431,1.9238888693489318
1432,3.894744042840432
1433,3.873949784207568
1434,1.7019442872502313
1435,2.205630041609014
1436,2.669729895492021
1437,2.2083026865541475
1438,2.207424119709667
1439,1.3817471332392364
1440,1.6959663829636475
1441,1.8500270231270561
1442,2.365874057287741
1443,1.7279465674987375
1444,6.086594652300898
1445,3.423552157251348
1446,4.296279167992044
1447,2.160842583219074
1448,1.0
1449,2.290237098741663
1450,1.0
1451,2.202543872683956
1452,2.217138836213413
1453,1.9384102610520013
1454,2.123599206163523
1455,3.827119280538569
1456,2.1959025756047263
1457,1.0
1458,2.5852893511614115
1459,4.189880190971183
1460,1.31451328896578
1461,4.439435502200441
1462,5.591371827729808
1463,4.377061142866527
1464,5.23945805950922
1465,1.0
1466,2.1950831347768274
1467,2.3734420230501563
1468,3.7540291949605398
1469,3.0624152984519686
1470,2.6255575421198856
1471,4.190776548556804
1472,2.1783231989856633
1473,2.165438460622247
1474,1.0
1475,3.2314023292693403
1476,3.7162817084306563
1477,1.0
1478,1.3108363603187123
1479,1.0
1480,3.8043855307936116
1481,4.2378943871138866
1482,1.0
1483,2.5900046775679453
1484,2.0605167857620144
1485,4.082102093509848
1486,1.0
1487,1.4006889327023684
1488,3.1181697491668183
1489,1.6966034374933776
1490,3.841938990743468
1491,1.5493493578859667
1492,2.9151120158932216
1493,1.9486743691580481
1494,3.656238413825929
1495,3.1928158279107386
1496,4.2390460420392895
1497,1.970436379315525
1498,4.538878500750037
1499,3.0582512752141517
1500,1.0
1501,2.830187276633362
1502,2.2584843692455303
1503,2.5264621512666645
1504,1.8141987249899243
1505,1.0
1506,1.0
1507,1.4061573185257958
1508,2.1826202876132528
1509,3.26536296135939
1510,3.4753928984097695
1511,4.053422262216706
1512,2.9099129851168977
1513,1.0
1514,3.5901986144580653
1515,6.460419888394227
1516,1.8644365071621403
1517,1.0
1518,1.39633438952801
1519,2.213381222169981
1520,1.0
1521,3.2533148632062523
1522,1.585958467727358
1523,1.6494083518160272
1524,1.4054989031288514
1525,1.0
1526,2.6574457034734515
1527,1.0
1528,3.6695282498080104
1529,1.5560851860649831
1530,4.685171876902778
1531,2.7364316126396284
1532,2.1516652023674125
1533,1.7168509197740398
1534,3.2378036753210395
1535,1.0
1536,2.9846726445997738
1537,1.663895495105318
1538,2.357861358455173
1539,1.0
1540,3.612350566636735
1541,2.111722583877669
1542,1.8830809699383377
1543,3.2185988305489124
1544,1.0
1545,2.964678540184954
1546,3.347233707932477
1547,2.444988079282144
1548,1.9615247366199933
1549,3.257849977125008
1550,1.9531147341017256
1551,1.348776332575516
1552,1.8016216620350525
1553,2.864403638304295
1554,3.8437174935610123
1555,2.58054973870967
1556,3.7038012182581936
1557,2.3918916598250686
1558,3.3997313793750568
1559,2.204151664722546
1560,2.701258431604101
1561,2.0055905215683167
1562,1.656660810195917
1563,1.3509289454432811
1564,2.4165323449191503
1565,1.0
1566,2.192873083258167
1567,2.3139117156045317
1568,2.0443219178120167
1569,3.1190040172211333
1570,1.0
1571,2.6655058518647667
1572,2.2350343370793815
1573,2.3134281697990486
1574,1.918585922840718
1575,2.3067374093792643
1576,2.1020377023984835
1577,5.0637523291559265
1578,1.5575328733083593
1579,3.2748130481560294
1580,3.201586025928653
1581,4.475188400735297
1582,1.797665459737138
1583,1.947715309321575
1584,2.144807027911576
1585,3.4087351467767304
1586,4.731352345811592
1587,1.9385827731317549
1588,2.2218538796593683
1589,1.720418700513393
1590,4.382622169168326
1591,2.5523745162989377
1592,1.0
1593,4.206674212731644
1594,2.5599426170126067
1595,1.3704610530674424
1596,2.33266474709402
1597,2.4561325017716937
1598,1.9878764671962386
1599,2.9199232435369034
1600,4.239516789735141
1601,2.6620766362159043
1602,1.0
1603,2.4409210324010178
1604,1.0
1605,3.841599512759542
1606,3.044680526578118
1607,2.3328674324380496
1608,2.431945258165601
1609,1.3985792335917409
1610,2.307492741546918
1611,1.0
1612,1.0
1613,3.704485992804032
1614,3.297822881863062
1615,2.9308061613909624
1616,1.0
1617,1.916541177654094
1618,1.328862982584154
1619,1.4099309877285418
1620,1.0
1621,3.5843275577170632
1622,3.2469990898787913
1623,1.414112116005422
1624,1.8873795005729466
1625,1.0
1626,1.4128407227921942
1627,3.066386884352609
1628,2.3496334142665987
1629,3.148099333711416
1630,2.4751736321394864
1631,1.9610010708464762
1632,5.598380730855055
1633,1.3933325681351472
1634,2.440269340683987
1635,2.5280761854991387
1636,1.0
1637,5.105068341714514
1638,2.6574274275931855
1639,3.7852824899080564
1640,3.183162306079697
1641,3.7894062125476817
1642,1.5493493578859667
1643,2.12219566034463
1644,2.4012229184760967
1645,1.961113569186031
1646,1.9993586982090312
1647,1.2572018510867458
1648,1.4140422425583101
1649,3.642674314928108
1650,1.728018812427853
1651,2.0720972677941454
1652,5.153591021219675
1653,1.0
1654,1.0
1655,4.714677070352707
1656,1.0
1657,3.39051568642343
1658,1.0
1659,5.7887452165868485
1660,1.0
1661,2.998773974428601
1662,4.8330126236715785
1663,1.0
1664,1.0
1665,2.31354691544244
1666,1.4033964002543182
1667,2.376812056846891
1668,2.5419089632296066
1669,2.9810073747296695
1670,1.4137629693587805
1671,2.3431926836458956
1672,2.7887406160305286
1673,4.409146389817469
1674,1.7120094285766463
1675,1.8867678705956947
1676,3.365207571919453
1677,2.1242074726140827
1678,2.657093492821854
1679,2.69514066933302
1680,1.4129401139614772
1681,2.5113378549080587
1682,4.745724300055274
1683,1.723602645541265
1684,1.0
1685,3.106016408383434
1686,2.317601006165158
1687,2.6740830820807786
1688,1.4121401547515475
1689,1.0
1690,1.0
1691,2.688674679641954
1692,3.2023017779487777
1693,3.5043917177565413
1694,1.2528825662608498
1695,3.7305097841441794
1696,1.724316397353972
1697,3.2699557512015316
1698,1.693317902391993
1699,2.9615690986539187
1700,5.754328437974478
1701,2.3398037179168183
1702,2.1968997692077137
1703,2.1492212537259237
1704,4.239144352746197
1705,1.2939152902921514
1706,2.5966733003046505
1707,2.386113168973039
1708,2.1675014694169588
1709,1.8969927520261998
1710,1.4134631620822122
1711,2.6151740142240794
1712,1.0
1713,1.0
1714,3.6070876079051026
1715,2.991135012688536
1716,2.2745102474066847
1717,2.9275843384361115
1718,2.586607791610264
1719,3.898870401522239
1720,1.720418700513393
1721,2.5155870358233905
1722,2.829298875140285
1723,1.0
1724,2.2422308353976503
1725,3.1378836970750754
1726,3.3926599674178854
1727,3.2802190221677034
1728,3.4613880044031013
1729,2.5976374798106088
1730,2.970841246979952
1731,1.6630659247499824
1732,3.4669632999812023
1733,3.831418489711921
1734,3.044637869584032
1735,1.0
1736,1.0
1737,2.602320702328657
1738,1.823485100004231
1739,2.3793043808716132
1740,1.0
1741,2.585773057546797
1742,2.6952754947581368
1743,4.030881039425263
1744,1.0
1745,3.84163457213213
1746,1.0
1747,3.3227019207983224
1748,2.5964537009986284
1749,3.4236274479179523
1750,3.214405342955005
1751,2.590469837004056
1752,2.209386758712453
1753,1.3595290546540262
1754,2.410054629463613
1755,2.3115694038693406
1756,2.5814841775027677
1757,1.0
1758,3.4733476142571136
1759,1.0
1760,1.0
1761,1.0
1762,1.9850654372779264
1763,2.848084219379729
1764,2.4817463834325197
1765,3.1108486235002055
1766,2.076104055663274
1767,2.158283064051044
1768,1.0
1769,2.9027547983278823
1770,2.987093315841136
1771,5.611265623775214
1772,1.0
1773,4.408910540769762
1774,3.2058349471526837
1775,1.972126884484917
1776,1.0
1777,2.7484761990238136
1778,1.3230150852386295
1779,1.3727235114663792
1780,2.486751198028365
1781,4.551817074987966
1782,2.2488741194896322
1783,1.3480706687324828
1784,1.9561415742075412
1785,1.2753092123592518
1786,2.9489714607195197
1787,2.07915336911413
1788,3.016908165677841
1789,1.726734462887642
1790,2.234748698056684
1791,1.6570366805934662
1792,1.0
1793,1.0
1794,1.720418700513393
1795,5.564388667606952
1796,2.812267023653834
1797,2.8053730004377435
1798,1.0
1799,1.925120522051949
1800,1.0
1801,3.233315319582057
1802,5.172798418281747
1803,1.0
1804,3.634758638292396
1805,3.1606478696157847
1806,2.13272468372484
1807,1.0
1808,1.0
1809,2.7166478902562634
1810,3.260003373484813
1811,2.672177374850315
1812,3.753893893895297
1813,1.0
1814,2.7098259505818616
1815,3.2617681630114443
1816,2.5041301019166315
1817,1.4082332897625003
1818,1.0
1819,3.21451733558625
1820,3.2005594309017837
1821,2.706254928408329
1822,3.0433556328128732
1823,4.511756030440943
1824,2.3667024899211295
1825,2.1672315484974103
1826,4.482003412130998
1827,1.3825236518090642
1828,2.7169357669368748
1829,3.3117158011946506
1830,3.0385824247890945
1831,1.8948762425513488
1832,2.352296006086272
1833,3.6595380595633964
1834,1.62832185686739
1835,2.1233569112601303
1836,1.0
1837,1.6513147726219595
1838,3.174032485811292
1839,2.5912410803924804
1840,3.2854092599426217
1841,1.0
1842,1.408999954811324
1843,1.407713378053161
1844,2.65759263104376
1845,2.9114684511500997
1846,6.469992720665612
1847,2.726763231319679
1848,1.7313862818567012
1849,4.35339236536014
1850,1.6335403914684603
1851,1.7315100582195309
1852,1.6286568091424947
1853,2.8967374975593136
1854,1.0
1855,2.5822929950276388
1856,1.6163006809832472
1857,2.4435443739972635
1858,4.479519664881403
1859,1.0
1860,1.6739165355989345
1861,3.1923544192110347
1862,1.4037348081390992
1863,3.063727613377594
1864,3.1504129815086053
1865,2.5618604487838037
1866,3.50251734395959
1867,1.6602266092626912
1868,1.5493493578859667
1869,1.6954750280372628
1870,1.9838698873995746
1871,3.3689574873756163
1872,3.2195856990990173
1873,1.955663430037304
1874,2.142339868993324
1875,2.425124454974534
1876,1.6251502484310514
1877,3.5855309630159713
1878,2.3671566301751223
1879,1.693317902391993
1880,1.9755846693997234
1881,1.4126173722161788
1882,2.394993158763321
1883,3.6461918636060195
1884,1.413953549785488
1885,2.1693213447073942
1886,4.5333169876103785
1887,4.582081856674092
1888,3.1830684647722665
1889,1.4103021739556127
1890,2.5588604167977724
1891,3.8858728739844994
1892,1.0
1893,4.324601900496921
1894,3.011827025270897
1895,3.278113190287245
1896,1.0
1897,2.3701300776429273
1898,1.4042005071104569
1899,3.0924048115736946
1900,1.0
1901,3.2155640133946397
1902,1.0
1903,2.014437184622332
1904,1.0
1905,3.5688048614608188
1906,2.639223197013871
1907,3.4566394798617734
1908,1.9148275207548286
1909,1.8018400051990509
1910,3.566005984276111
1911,1.9980585116457272
1912,1.0
1913,1.2899398330075391
1914,2.0273045773037977
1915,2.9033216806176805
1916,2.454758629367908
1917,1.0
1918,1.6904689576714906
1919,2.8127284567527018
1920,3.490885430449178
1921,2.22754356001212
1922,3.5304508040749143
1923,1.7201976849432548
1924,1.7024197264807404
1925,4.311158858673845
1926,2.1173532446187697
1927,3.1230899370498735
1928,2.4479187198906147
1929,3.951552571421158
1930,3.6031238703142767
1931,2.4220647120646612
1932,2.5962879912396764
1933,3.1986399278872657
1934,1.8698705004133305
1935,3.1905568027095113
1936,1.9270729799617725
1937,3.3921336277473038
1938,1.0
1939,1.6684799673590094
1940,3.028938585007979
1941,1.9075989865987961
1942,3.665432848336317
1943,2.639205078800737
1944,3.1408254724855698
1945,3.043544974670028
1946,3.967604511716072
1947,3.788239641337082
1948,3.183904520306551
1949,1.0
1950,3.2683714551948446
1951,3.6079347223291043
1952,1.407713378053161
1953,1.0
1954,1.3036513479589187
1955,5.008414385586508
1956,1.3796781505303768
1957,2.4972404512035054
1958,2.0999531324277743
1959,3.070405074596435
1960,1.7007848844042148
1961,1.707916037401922
1962,3.716866695855017
1963,2.4048712483874555
1964,1.413404053956231
1965,2.6893871740835342
1966,2.8564041770114943
1967,1.0
1968,1.0
1969,3.4928242282215916
1970,4.805093814874222
1971,1.0
1972,3.1432575519942327
1973,3.543456148637956
1974,2.3714243043440852
1975,3.1353054115707772
1976,1.7216351997494086
1977,1.0
1978,2.743158997440336
1979,4.238468670760068
1980,1.0
1981,1.6946311811950976
1982,1.0
1983,1.6625474656311146
1984,3.1766537855605
1985,2.868829524338132
1986,3.303902314570595
1987,2.883748279870771
1988,1.9257185342909748
1989,1.0
1990,1.6765089953070764
1991,1.6876234188929466
1992,1.3855022846957783
1993,4.536097509839436
1994,2.5429263149761523
1995,2.945898108427861
1996,1.0
1997,3.13390565083026
1998,2.6348018771101156
1999,2.373520881332076
2000,2.4072787915011586
2001,1.4130416721692558
2002,1.8699416675190137
2003,1.9805257179729943
2004,2.350109677051906
2005,1.3681100787032312
2006,3.453086251007846
2007,1.413365984499165
2008,1.0
2009,2.895435324953389
2010,3.5091068000161987
2011,2.2774555932524647
2012,1.0
2013,1.0
2014,2.434730240618424
2015,2.6456527493272253
2016,1.9630962003360104
2017,2.5330060256762006
2018,1.4803732589301433
2019,1.0
2020,5.199853226480511
2021,5.344253805513894
2022,1.6779522794646753
2023,4.370167735972121
2024,2.557219997978662
2025,2.1941960361587194
2026,2.578427084932094
2027,1.3775157916926855
2028,2.059776031914657
2029,4.2579717329125994
2030,2.653626004250154
2031,2.342539251614789
2032,2.9577136190270252
2033,1.4130588482566262
2034,4.143261850131641
2035,1.4094095118475178
2036,1.0
2037,2.114261998069411
2038,2.3792328415896113
2039,1.9926790417074054
2040,2.172468088304665
2041,3.2166249292499884
2042,4.431843823405178
2043,1.9124768339858846
2044,1.9680528771519168
2045,2.5970815232322746
2046,5.237280123424089
2047,3.87997936639234
2048,1.0
2049,1.8646062385301219
2050,2.9046775065851205
2051,2.5599475903965176
2052,1.0
2053,2.9010840054917866
2054,2.2207625699100033
2055,4.28251836456476
2056,1.3840328073873525
2057,1.0
2058,1.8153665666296068
2059,1.7249647298236237
2060,1.7204304647360242
2061,3.34953190196257
2062,3.082548350509227
2063,1.0
2064,2.111827523058154
2065,1.7005906873051342
2066,1.0
2067,2.068056350880796
2068,1.3216712593015434
2069,3.030870516789
2070,2.917790049104313
2071,3.277343347155847
2072,2.1247275369407546
2073,2.4537052972706404
2074,5.295179449919361
2075,1.0
2076,3.912754308944134
2077,1.0
2078,5.270541602239732
2079,1.0
2080,1.0
2081,2.0341508630845904
2082,2.938211125088566
2083,1.0
2084,3.2811795378033395
2085,1.374065145419594
2086,1.0
2087,2.158475414492574
2088,3.4377845081140714
2089,3.237577974441299
2090,2.5017461605446765
2091,1.0
2092,2.1397307883163665
2093,1.0
2094,1.0
2095,1.0
2096,1.7148481246561382
2097,1.0
2098,2.7634828180203526
2099,4.5007242934716984
2100,1.720418700513393
2101,3.826809913952337
2102,1.7200960641432501
2103,2.846743573409146
2104,2.152601428283882
2105,1.0
2106,3.0103992853403962
2107,1.5024877622001713
2108,6.107836739025528
2109,3.179591424282755
2110,1.0
2111,1.9941924369842217
2112,2.5321340937904364
2113,3.1952807944007637
2114,1.3452854632999607
2115,1.8940986391486276
2116,1.8123383848486587
2117,2.3360238183766207
2118,1.720418700513393
2119,2.85439635253233
2120,1.714147338907987
2121,2.7057219422134495
2122,2.5370080450081822
2123,2.9056117081473443
2124,1.3904249226235326
2125,2.1156148497374243
2126,2.3877935055350283
2127,2.7343716978403663
2128,3.6530469170401054
2129,3.8984928451192014
2130,2.4266907819821406
2131,1.0
2132,1.720418700513393
2133,2.6519718565130415
2134,3.861827029331963
2135,1.0
2136,3.915912121960563
2137,3.5044697241518206
2138,1.4117605246239169
2139,1.6398490892157818
2140,1.9986054552406198
2141,1.9454610005579909
2142,2.3826674470350984
2143,3.1779883633687316
2144,3.9182921097788554
2145,2.9333514459635093
2146,1.8913941475546447
2147,2.9860944780218572
2148,2.0668552453519693
2149,1.9453362205473572
2150,2.4636421646672826
2151,2.3277772400232806
2152,1.4126173722161788
2153,3.641183129774254
2154,3.6379876928799
2155,2.1058231596782298
2156,2.3313375856901217
2157,1.4136055781796046
2158,1.0
2159,1.3728602631934308
2160,2.860423624756237
2161,1.64784642040261
2162,4.465897492037069
2163,1.407713378053161
2164,2.334002803497583
2165,1.0
2166,2.9642919644340613
2167,1.0
2168,2.7568645704862895
2169,2.4650195178319922
2170,2.1586441894303565
2171,2.0649388071007855
2172,2.8356131848456867
2173,2.1312321992789567
2174,1.9313339255234152
2175,4.269649506252528
2176,1.698890724729209
2177,1.0
2178,3.855917129580968
2179,3.8257074052415345
2180,2.3522325073849535
2181,5.383314644231694
2182,2.152801824840397
2183,1.9627249739976644
2184,1.9766294964359077
2185,2.7066918491979397
2186,2.72698227232389
2187,1.403900506659725
2188,2.6907886172632987
2189,2.577438721856277
2190,1.714025705846206
2191,1.0
2192,1.0
2193,1.9768816838102594
2194,1.0
2195,1.3904249226235326
2196,1.0
2197,3.731116560067976
2198,1.6967615469099857
2199,2.987569646506751
2200,2.1414122292481244
2201,3.581535524550079
2202,1.612957355698045
2203,2.84977738943335
2204,2.8070663633072606
2205,3.399936093976394
2206,3.8436411253941936
2207,1.3863877410729155
2208,1.0
2209,1.4139015628765472
2210,2.6694453083223584
2211,1.0
2212,1.3969646193325775
2213,2.0661529847737783
2214,2.356077948144852
2215,1.0
2216,1.0
2217,1.5790673854562387
2218,1.2974209567839037
2219,2.6950479381448584
2220,2.8602471754320806
2221,1.869526094702259
2222,1.7164987399455263
2223,2.1572575984943945
2224,2.806639617445475
2225,2.138795482386435
2226,2.947309385874746
2227,1.3554697214452016
2228,3.2816785575778864
2229,2.1622031387133727
2230,3.479423589546986
2231,1.3907724112646676
2232,1.0
2233,2.777772069107037
2234,2.44588420777084
2235,2.7474573079745737
2236,2.5173945875940484
2237,2.3654414686399305
2238,3.925797062318102
2239,5.461024974795766
2240,1.0
2241,1.680242026308238
2242,1.3812826406295902
2243,1.0
2244,2.5992507434873806
2245,2.695155986858045
2246,3.9437814432861886
2247,1.9723388905504644
2248,2.276014207173227
2249,3.3981264952150685
2250,3.0738496904128763
2251,4.124910869513225
2252,3.4317117099134253
2253,2.7231279268256827
2254,2.353757198170343
2255,1.3994017401016072
2256,1.9238695461009692
2257,1.7267271933884252
2258,2.196720353407984
2259,2.0543345763085457
2260,2.1432079424169093
2261,1.6930803046576366
2262,2.3711728576053455
2263,1.0
2264,1.8724150804302164
2265,2.513080945449275
2266,4.370610829554238
2267,3.0776554772330136
2268,2.3298669983196683
2269,1.413365984499165
2270,1.0
2271,2.3717422841654994
2272,2.988710340399462
2273,3.3546399517476693
2274,2.8823877045939086
2275,1.9695518061069563
2276,1.0
2277,2.1756779122196184
2278,2.6876206289191655
2279,4.187375110296758
2280,6.429744544166818
2281,1.9637143580204786
2282,1.4142135623730951
2283,3.476611727756242
2284,1.0
2285,3.9602066249815353
2286,3.4695981368614164
2287,3.4353685915765166
2288,3.1437768258582217
2289,3.1796887479065172
2290,2.191044425313967
2291,3.2468888658143955
2292,1.0
2293,2.3816617420059965
2294,1.9521405997045198
2295,2.566687402317595
2296,1.647311494930256
2297,1.8628161931296712
2298,1.3840328073873525
2299,1.0
2300,3.1951445872818134
2301,1.4128407227921942
2302,2.4105980287055835
2303,2.0642838372534014
2304,1.627647155496858
2305,2.1708172395240632
2306,2.3353436920590847
2307,1.994487480877486
2308,3.339258311946587
2309,2.767564497336374
2310,1.0
2311,2.7293731569731907
2312,3.5176580186565634
2313,4.043196569942618
2314,1.6808727323318706
2315,1.990559294330283
2316,2.4177030253065723
2317,2.390293810761311
2318,3.3719481238616016
2319,1.0
2320,2.5496312098053657
2321,1.9537874196724574
2322,2.695383095986603
2323,2.1068442894651085
2324,2.35230327689071
2325,1.7313862818567012
2326,5.529573177464418
2327,1.0
2328,1.6495789836375792
2329,2.486006297596358
2330,2.7421336665798317
2331,2.1698564533663482
2332,4.389222789480371
2333,1.5929062229679165
2334,4.182771124317925
2335,1.0
2336,2.400671241806488
2337,2.7152536908249942
2338,2.4141813397334597
2339,3.996728900892002
2340,4.374460708577454
2341,2.4201259935625816
2342,1.9920158658226879
2343,3.8705288188584053
2344,2.3648073525115754
2345,3.993604350801095
2346,1.4015912721346124
2347,2.3168704330470424
2348,3.2596125415610833
2349,1.7743382465684399
2350,2.357436962461322
2351,1.4082332897625003
2352,1.0
2353,1.2843774128466234
2354,1.9541518498607566
2355,3.4261376070054608
2356,4.147942789320112
2357,2.7787801659545246
2358,1.9227602205782688
2359,1.6233225981484867
2360,1.9114980205703462
2361,4.314719324048446
2362,1.0
2363,1.0
2364,2.6884566415350584
2365,1.0
2366,1.0
2367,1.7120653812222346
2368,1.9523927473994975
2369,1.4138224883346404
2370,3.2420913371211557
2371,1.710845513358135
2372,2.8654230602528936
2373,3.0508572829871863
2374,2.918639023030762
2375,2.8017200155808526
2376,1.0
2377,3.7838821978552293
2378,2.433005559734641
2379,1.0
2380,1.413760093527914
2381,5.534889948773614
2382,2.50024686409139
2383,2.5296447479205186
2384,1.4142135623730951
2385,2.3410729530191237
2386,1.7265134369262465
2387,1.6404433148280213
2388,3.5690693500080046
2389,1.8227815977747952
2390,5.708806640394563
2391,1.2907884324228636
2392,1.5024877622001713
2393,1.9849023082315382
2394,2.360948062720438
2395,2.715569584285535
2396,1.0
2397,1.0
2398,2.4995022928713455
2399,4.220633392477119
2400,1.9886623642020798
2401,1.0
2402,2.727357913330981
2403,1.0
2404,2.4610312174636597
2405,3.400893728124235
2406,1.68110740397268
2407,1.0
2408,1.720418700513393
2409,3.373812534708804
2410,1.7027259658802665
2411,3.1036759498831534
2412,5.632480223522398
2413,3.5741910776251604
2414,2.200645603561042
2415,1.8890504462699926
2416,2.1314642927533654
2417,1.0
2418,1.9849144925499256
2419,1.0
2420,2.258689124403885
2421,1.0
2422,2.5029915549042445
2423,3.347161811399344
2424,1.9407141395698304
2425,3.2674037635907442
2426,2.909069382372734
2427,3.843083312917826
2428,1.0
2429,2.137476517482461
2430,1.8345525489506094
2431,1.0
2432,1.0
2433,2.862148721813803
2434,2.1686546686447374
2435,2.8872822011588117
2436,1.0
2437,1.409826835269461
2438,3.3234903998265564
2439,3.4407352627134924
2440,2.760407964802914
2441,2.9280821752070434
2442,3.4432220443829156
2443,1.6688353255935013
2444,1.9460988182192835
2445,1.0
2446,1.4113438131958314
2447,1.0
2448,2.3514466155416285
2449,3.642737401995922
2450,1.9965400876481096
2451,3.0588318415856084
2452,1.7240653918471551
2453,2.3844267000843726
2454,3.2127335570655715
2455,4.314485475874919
2456,1.3671194525478372
2457,3.12831161507183
2458,2.686899235305776
2459,1.4130416721692558
2460,2.8608696081025506
2461,1.5105635981046204
2462,2.952551863206902
2463,2.103689287599057
2464,1.4142135623730951
2465,1.0
2466,3.900196930361685
2467,3.069117865092243
2468,3.598867649620853
2469,3.0421440777156197
2470,3.0027737355553175
2471,2.0900278030628012
2472,1.0
2473,1.0
2474,1.413760093527914
2475,1.399181467344675
2476,2.878010938456695
2477,2.6361036721902025
2478,4.85846546790317
2479,2.1489101777889195
2480,2.3986974485812667
2481,1.9340370807104663
2482,1.0
2483,1.0
2484,2.565641747668132
2485,3.806304471466512
2486,1.647893026151353
2487,1.0
2488,3.2955263496303617
2489,1.0
2490,2.5693785382041625
2491,1.0
2492,2.1991410237335254
2493,2.9087698402250752
2494,5.845583482885438
2495,1.0
2496,3.731010828818691
2497,2.106415724714506
2498,2.739652144819595
2499,2.333572544439285
2500,1.9467220477969933
2501,3.004764622120227
2502,1.9773545631563758
2503,1.3862634958584197
2504,4.512040313009634
2505,3.282991898655176
2506,2.9804259495942427
2507,1.4052495026642573
2508,1.9412356682077871
2509,2.9943295953090163
2510,1.0
2511,2.548986819282672
2512,1.0
2513,2.132525544441229
2514,2.121488795207781
2515,1.0
2516,1.687764470516525
2517,1.0
2518,3.8224870610423687
2519,1.0
2520,1.3892398240276378
2521,1.0
2522,1.8227815977747954
2523,2.5535896161896083
2524,4.186472118366801
2525,4.483078638225427
2526,1.3796781505303768
2527,1.890956692598404
2528,2.664547027249419
2529,2.0979736197407224
2530,1.9600077833983303
2531,2.378036381786986
2532,1.7249685947605748
2533,3.7998620308896163
2534,1.9786415024937865
2535,1.7051255372616616
2536,1.0
2537,2.2030832504900335
2538,1.0
2539,3.366523650278867
2540,1.0
2541,4.00130270256
2542,1.8342620030577566
2543,2.9307598966516037
2544,1.0
2545,2.7797244452841126
2546,1.0
2547,2.506022275059748
2548,1.0
2549,1.7185006938314582
2550,1.0
2551,1.6662111115800249
2552,2.2034946562058737
2553,1.0
2554,1.4033785329078914
2555,1.720418700513393
2556,1.0
2557,2.8926305598419964
2558,2.736972054426456
2559,1.5895587045576847
2560,1.3777868917064535
2561,1.0
2562,2.307713541375691
2563,1.0
2564,1.411241208386277
2565,3.0841025729700764
2566,1.0
2567,1.0
2568,1.693151841491003
2569,1.3827079951205024
2570,1.5024877622001713
2571,1.0
2572,1.0
2573,1.0
2574,2.3455779165456727
2575,2.101922296082984
2576,1.3727235114663792
2577,2.1425691590154194
2578,1.0
2579,2.2154227863086193
2580,1.0
2581,1.0
2582,1.0
2583,1.0
2584,2.561398628810519
2585,1.0
2586,1.4041995724563883
2587,1.0
2588,1.0
2589,1.6614815280726885
2590,1.0
2591,1.0
2592,1.6760738394491606
2593,1.3651376620896025
2594,1.8730525689305058
2595,1.3811847634597538
2596,3.212620350478048
2597,1.3969646193325775
2598,1.0
2599,2.6354579522189088
2600,1.0
2601,1.0
2602,2.9705343160598643
2603,3.038431304072229
2604,1.0
2605,1.0
2606,1.6237605716241037
2607,2.1740267582332335
2608,1.0
2609,1.3318022373443226
2610,1.955332152809094
2611,1.0
2612,2.1847217796805465
2613,1.0
2614,1.0
2615,1.0
2616,2.334502386603538
2617,1.693317902391993
2618,1.4019622331556951
2619,2.0534970737530305
2620,1.720418700513393
2621,1.0
2622,1.0
2623,1.0
2624,1.3420256947582458
2625,1.3892398240276378
2626,2.878411245965857
2627,1.0
2628,1.0
2629,3.1867469229214773
2630,1.0
2631,1.0
2632,1.0
2633,1.0
2634,1.0
2635,1.36934363186709
2636,1.7147947625250493
2637,1.391785246941633
2638,1.8621526921342495
2639,1.3955892359930009
2640,1.5906382766677092
2641,2.7944269083568645
2642,1.7854323297325059
2643,1.0
2644,1.388948483681968
2645,1.3576309705779614
2646,1.0
2647,1.5883091074911133
2648,1.714025705846206
2649,1.0
2650,1.3066861905859557
2651,1.9117224876046564
2652,1.4130416721692558
2653,2.172439755153319
2654,1.0
2655,1.0
2656,1.3796781505303768
2657,1.0
2658,2.5371634346408305
2659,1.0
2660,1.4094248146138018
2661,2.561003858114456
2662,3.395993588572325
2663,1.4142135623730951
2664,4.990403135203762
2665,1.0
2666,1.0
2667,2.081916180567947
2668,1.0
2669,4.972896929903165
2670,2.187088715399023
2671,3.459891834332856
2672,1.0
2673,1.720418700513393
2674,1.0
2675,2.289202487323121
2676,1.0
2677,1.0
2678,1.0
2679,1.0
2680,1.9159025072282556
2681,2.036806946694691
2682,1.0
2683,1.0
2684,3.0451156713129963
2685,1.4136818004323168
2686,2.373738827049432
2687,1.4105270311151241
2688,2.6219370293527344
2689,2.3770926298414183
2690,1.9537613133200624
2691,1.5962805282103734
2692,2.752568863475825
2693,1.8823015096819156
2694,1.714025705846206
Total,6411.171583963861
